<?xml version="1.0" encoding="UTF-8" standalone="yes"?>
<manifest>
  <control namespace="sample" constructor="datasetry4" version="0.2.1" display-name-key="datasetry4" description-key="datasetry4 description" control-type="standard" api-version="1.3.5">
    <external-service-usage enabled="false"/>
    <data-set name="sampleDataSet" display-name-key="Dataset_Display_Key"/>
    <property name="ColumnName" display-name-key="Date column " description-key="Give the date column name here" of-type="SingleLine.Text" usage="input" required="true"/>
    <resources>
      <code path="bundle.js" order="1"/>
      <css path="css/datasetry4.css" order="1"/>
    </resources>
    <built-by name="pac" version="1.21.13"/>
  </control>
</manifest>